geracao;tempo_geracao_s;tempo_callback_s
1;0.116621;0.000186
2;0.04846;0.000102
3;0.031344;8.5e-05
4;0.030126;7.6e-05
5;0.028672;7.9e-05
6;0.03652;0.000146
7;0.044591;9.1e-05
8;0.031586;7.9e-05
9;0.029304;8.1e-05
10;0.029679;7.9e-05
11;0.028808;0.000124
12;0.031273;8.4e-05
13;0.030354;7.7e-05
14;0.031997;7.7e-05
15;0.032574;8.2e-05
16;0.029297;8.3e-05
17;0.028321;7.7e-05
18;0.027573;7.5e-05
19;0.028377;7.7e-05
20;0.028586;7.4e-05
21;0.027122;7e-05
22;0.029024;7.3e-05
23;0.028434;7.3e-05
24;0.033544;0.000117
25;0.037754;8.2e-05
26;0.03041;7.9e-05
27;0.032295;8.5e-05
28;0.028588;7.8e-05
29;0.032142;0.000138
30;0.031213;7.7e-05
31;0.02789;7.8e-05
32;0.02706;7.5e-05
33;0.02638;7.6e-05
34;0.03037;8.3e-05
35;0.028342;8e-05
36;0.027093;7.2e-05
37;0.027037;7.6e-05
38;0.027343;7.6e-05
39;0.027489;7.6e-05
40;0.027571;7.6e-05
41;0.028254;8e-05
42;0.027314;7.9e-05
43;0.027678;7.5e-05
44;0.027106;8e-05
45;0.02758;7e-05
46;0.027804;7.4e-05
47;0.026714;8.6e-05
48;0.029166;7.7e-05
49;0.028442;7.3e-05
50;0.026194;7.1e-05
51;0.026983;7.1e-05
52;0.027213;6.9e-05
53;0.02664;0.000122
54;0.026294;0.000107
55;0.025218;0.000135
56;0.026078;0.000127
57;0.025578;0.000103
58;0.025278;6.5e-05
59;0.025202;9.9e-05
60;0.025656;0.000108
61;0.025549;0.000105
62;0.025583;0.0001
63;0.026399;0.000111
64;0.027953;0.000113
65;0.026604;9.8e-05
66;0.026866;0.000106
67;0.025656;0.00011
68;0.025973;0.000106
69;0.02708;0.000129
70;0.028417;0.000108
71;0.027321;0.000103
72;0.026914;0.000201
73;0.027408;0.00011
74;0.030284;0.000112
75;0.027911;0.000104
76;0.027442;9.9e-05
77;0.025852;9.8e-05
78;0.024806;9.8e-05
79;0.024707;9.6e-05
80;0.025135;0.0001
81;0.024983;9.6e-05
82;0.026612;0.000105
83;0.026294;0.000172
84;0.027226;0.000104
85;0.026633;0.000111
86;0.02772;0.000116
87;0.02921;0.000114
88;0.02991;0.000117
89;0.032418;0.000158
90;0.028215;0.000107
91;0.028423;0.000115
92;0.030717;0.00011
93;0.027158;0.0001
94;0.025525;0.000114
95;0.024656;0.000107
96;0.025121;0.000103
97;0.024994;0.00012
98;0.024934;0.000117
99;0.02547;0.000106
100;0.026016;0.001155
101;0.026564;0.000111
102;0.026497;0.000138
103;0.028959;0.000184
104;0.031882;0.000114
105;0.028064;0.000107
106;0.029472;0.000116
107;0.027067;0.000116
108;0.026987;7e-05
109;0.028018;7.2e-05
110;0.030476;0.000126
111;0.029924;0.000124
112;0.030571;0.000116
113;0.029508;0.000115
114;0.029457;0.000117
115;0.027951;0.000111
116;0.027738;0.000112
117;0.029251;0.000132
118;0.029848;0.000105
119;0.027509;0.000101
120;0.028286;0.000102
121;0.026592;0.000104
122;0.027845;0.000102
123;0.027276;0.000128
124;0.027044;0.000109
125;0.028358;0.000126
126;0.029844;0.000128
127;0.03443;0.000123
128;0.029982;0.000109
129;0.027951;0.000104
130;0.025992;0.000105
131;0.02656;0.000175
132;0.026028;0.000103
133;0.026869;0.000112
134;0.027833;0.00011
135;0.028069;0.000112
136;0.029461;0.000109
137;0.02914;0.000117
138;0.027682;0.000109
139;0.029336;0.000116
140;0.031594;0.000139
141;0.031626;0.000116
142;0.029001;0.000117
143;0.033156;0.000217
144;0.030619;0.000114
145;0.037693;0.000141
146;0.03398;0.000171
147;0.036446;0.000154
148;0.035905;0.000129
149;0.033438;0.000144
150;0.034745;0.000129
151;0.035899;0.000153
152;0.054907;0.000273
153;0.044745;0.000146
154;0.050775;0.000139
155;0.04034;0.000135
156;0.033576;0.000124
157;0.031646;0.000118
158;0.035157;0.000205
159;0.034405;0.000121
160;0.031591;0.00012
161;0.031415;0.000125
162;0.030827;0.000125
163;0.030645;0.000166
164;0.030096;0.000117
165;0.036838;0.000126
166;0.035405;0.000259
167;0.030727;0.000112
168;0.032136;0.000118
169;0.031589;0.000116
170;0.032059;0.000119
171;0.037911;0.000244
172;0.029937;0.000125
173;0.029748;0.000122
174;0.031261;0.00014
175;0.030879;0.000128
176;0.031378;0.00012
177;0.030979;0.000138
178;0.028281;0.000145
179;0.029075;0.000122
180;0.028855;0.000114
181;0.029184;0.00016
182;0.031755;0.000191
183;0.029764;0.000119
184;0.028629;0.000156
185;0.028899;0.00012
186;0.028826;0.000114
187;0.030446;0.000121
188;0.030416;0.000116
189;0.028469;0.000153
190;0.02791;0.000108
191;0.02921;0.000124
192;0.028339;0.000103
193;0.028145;0.000104
194;0.029402;0.000107
195;0.029455;0.000116
196;0.030237;0.000108
197;0.028345;0.000122
198;0.027271;0.000105
199;0.027452;0.000106
200;0.028413;0.000701
201;0.027314;0.000169
202;0.028042;0.000105
203;0.028283;0.000105
204;0.03389;0.000209
205;0.029205;0.000112
206;0.02759;0.000113
207;0.028082;0.000106
208;0.027955;0.000118
209;0.02801;0.000107
210;0.02763;0.000193
211;0.028162;0.000106
212;0.027773;0.000102
213;0.027614;0.000105
214;0.027349;0.000109
215;0.027898;0.000111
216;0.027521;0.000108
217;0.02868;0.000108
218;0.028046;0.000109
219;0.029322;7e-05
220;0.028164;6.9e-05
221;0.028309;7e-05
222;0.027839;6.4e-05
223;0.028354;7.1e-05
224;0.028532;6.9e-05
225;0.028016;0.000111
226;0.028702;6.8e-05
227;0.027827;6.9e-05
228;0.027803;7.1e-05
229;0.027197;7.6e-05
230;0.027455;0.00013
231;0.028842;7.5e-05
232;0.027513;6.5e-05
233;0.027278;6.9e-05
234;0.028046;7.1e-05
235;0.027072;6.5e-05
236;0.027245;6.8e-05
237;0.027185;9.8e-05
238;0.027236;0.000106
239;0.02657;0.000106
240;0.026655;0.000105
241;0.026999;0.000102
242;0.026162;0.000143
243;0.027076;0.000106
244;0.028084;0.000112
245;0.027051;0.000107
246;0.02737;0.00011
247;0.028783;0.00013
248;0.028623;0.000117
249;0.028715;0.000115
250;0.029042;0.000282
251;0.03018;0.000113
252;0.029134;0.000112
253;0.029127;0.000105
254;0.027779;0.000109
255;0.028119;0.000115
256;0.028505;0.000113
257;0.027765;0.000117
258;0.028486;0.000108
259;0.028446;0.000106
260;0.027813;0.000109
261;0.02836;0.000118
262;0.028357;0.000111
263;0.027847;0.000101
264;0.027795;0.000104
265;0.027567;0.000168
266;0.027933;0.000104
267;0.027392;0.000115
268;0.027225;0.000102
269;0.028894;0.000104
270;0.027306;0.000113
271;0.027139;0.000101
272;0.025835;9.6e-05
273;0.025904;0.000104
274;0.027696;0.000118
275;0.029773;0.000108
276;0.027178;0.000101
277;0.025192;9e-05
278;0.025021;9.5e-05
279;0.024235;9.2e-05
280;0.024335;9.5e-05
281;0.024981;0.0001
282;0.028856;0.000121
283;0.028245;0.000105
284;0.025515;0.000103
285;0.025341;0.000103
286;0.027408;0.000114
287;0.026772;9.7e-05
288;0.025905;0.000107
289;0.024739;9.1e-05
290;0.024419;9.6e-05
291;0.024511;9.2e-05
292;0.024265;9.3e-05
293;0.024375;0.000136
294;0.024404;0.000105
295;0.024214;9.6e-05
296;0.02506;0.000104
297;0.025714;9.4e-05
298;0.0251;0.0001
299;0.024615;9.4e-05
300;0.024658;0.000673
301;0.025173;9.7e-05
302;0.026475;0.000102
303;0.026227;0.000103
304;0.027336;0.000104
305;0.026541;0.000117
306;0.026755;0.000143
307;0.026698;0.0001
308;0.026689;9.7e-05
309;0.025455;0.000106
310;0.025257;9.5e-05
311;0.024864;9.8e-05
312;0.025346;9.9e-05
313;0.025216;9.9e-05
314;0.026036;0.000111
315;0.025438;9.9e-05
316;0.025583;0.000111
317;0.025188;9.4e-05
318;0.024572;9.7e-05
319;0.024732;0.000139
320;0.024895;9.7e-05
321;0.027375;0.000105
322;0.025698;0.000105
323;0.026192;0.0001
324;0.025966;0.0001
325;0.026923;0.000131
326;0.025715;0.000105
327;0.026134;0.000105
328;0.026221;0.000101
329;0.026912;0.000114
330;0.027326;0.000196
331;0.029456;0.000114
332;0.028709;0.000114
333;0.040877;0.000112
334;0.032243;0.000141
335;0.046578;0.000191
336;0.041893;0.000242
337;0.03631;0.000133
338;0.030153;0.000128
339;0.031088;0.000242
340;0.029016;0.000116
341;0.031443;0.000141
342;0.03704;0.000155
343;0.037993;0.000157
344;0.032866;0.000117
345;0.030871;0.000214
346;0.029143;0.000114
347;0.030515;0.000119
348;0.034479;0.000111
349;0.035077;0.000112
350;0.030137;0.000137
351;0.036682;0.000139
352;0.037514;0.000136
353;0.034471;0.000126
354;0.03728;0.00012
355;0.028065;0.000129
356;0.027153;0.00011
357;0.028694;0.000125
358;0.029279;0.000113
359;0.02909;0.000117
360;0.027375;0.000108
361;0.028095;0.000109
362;0.02606;0.000125
363;0.025576;0.000107
364;0.034664;0.000205
365;0.029942;0.000128
366;0.028039;0.000128
367;0.032936;0.000203
368;0.028924;0.000174
369;0.030052;0.000116
370;0.029315;0.000121
371;0.029489;0.000199
372;0.030529;0.000127
373;0.027678;0.000112
374;0.028809;0.00013
375;0.029509;0.000113
376;0.029511;0.00022
377;0.028992;0.000109
378;0.027977;0.000117
379;0.031567;0.000118
380;0.027246;0.000134
381;0.027248;0.00013
382;0.031772;0.00012
383;0.028866;0.000128
384;0.026551;0.000109
385;0.02694;0.000117
386;0.026328;0.000129
387;0.026232;0.00011
388;0.028997;0.000121
389;0.026719;0.000246
390;0.029634;0.000125
391;0.02653;0.000131
392;0.025672;0.000121
393;0.027161;0.000113
394;0.026315;0.000105
395;0.024773;0.0001
396;0.025139;0.000111
397;0.024397;0.000101
398;0.024355;0.0001
399;0.024435;0.000106
400;0.024954;0.000709
401;0.025202;0.000106
402;0.025412;0.000116
403;0.025959;0.000124
404;0.026409;0.000133
405;0.028036;0.000134
406;0.027328;0.000131
407;0.026685;0.000118
408;0.028384;0.000192
409;0.028336;0.000114
410;0.028641;0.000111
411;0.026641;0.000106
412;0.025851;0.000103
413;0.026599;0.000112
414;0.025454;0.00011
415;0.025689;0.000106
416;0.027118;0.000104
417;0.02577;0.000104
418;0.027424;0.000108
419;0.025743;6.7e-05
420;0.027314;6.6e-05
421;0.028497;0.000132
422;0.026417;0.000104
423;0.028583;0.000104
424;0.02589;9.7e-05
425;0.026509;0.000112
426;0.026334;0.000105
427;0.027582;0.000103
428;0.026808;0.000102
429;0.026235;0.000174
430;0.026189;0.000208
431;0.030244;0.000103
432;0.025615;9.9e-05
433;0.026491;0.000149
434;0.02687;0.000104
435;0.025886;9.9e-05
436;0.025478;0.000108
437;0.026034;0.000102
438;0.02646;0.000102
439;0.025569;0.000107
440;0.02699;0.000104
441;0.026916;0.000107
442;0.026349;0.000109
443;0.025775;0.000105
444;0.02629;0.00011
445;0.026159;0.00011
446;0.025802;0.000126
447;0.025822;0.000104
448;0.027201;0.00011
449;0.028833;0.000109
450;0.026811;0.0001
451;0.033482;0.000129
452;0.028304;0.00011
453;0.028206;0.000118
454;0.029319;0.000175
455;0.033392;0.000135
456;0.036825;0.000151
457;0.03646;0.00012
458;0.029631;0.000147
459;0.04062;0.000117
460;0.032833;7.6e-05
461;0.034052;0.000111
462;0.030474;6.9e-05
463;0.030253;0.000118
464;0.035474;7.1e-05
465;0.038458;7.1e-05
466;0.033241;6.9e-05
467;0.030698;7e-05
468;0.030083;7e-05
469;0.027647;6.8e-05
470;0.028715;6.9e-05
471;0.028812;6.8e-05
472;0.029479;0.000112
473;0.029812;7.1e-05
474;0.028179;6.7e-05
475;0.02872;7.7e-05
476;0.029999;7e-05
477;0.028811;7e-05
478;0.02886;6.6e-05
479;0.027923;7.1e-05
480;0.031577;7.2e-05
481;0.029599;6.5e-05
482;0.027056;6.6e-05
483;0.027981;6.6e-05
484;0.02801;6.7e-05
485;0.026825;6.8e-05
486;0.029243;6.7e-05
487;0.031363;7.8e-05
488;0.028812;7e-05
489;0.028544;6.9e-05
490;0.028761;6.8e-05
491;0.026872;7.5e-05
492;0.028075;6.6e-05
493;0.028281;6.8e-05
494;0.027774;7.1e-05
495;0.027603;6.3e-05
496;0.026899;6.5e-05
497;0.026215;6.8e-05
498;0.027739;6.6e-05
499;0.027729;6.8e-05
500;0.026195;0.000659
501;0.027791;7e-05
502;0.027914;6.8e-05
503;0.027833;7.1e-05
504;0.079117;0.000126
505;0.036935;7e-05
506;0.02848;6.6e-05
507;0.027174;6.9e-05
508;0.02724;7.9e-05
509;0.034472;8.3e-05
510;0.039479;7.8e-05
511;0.042939;9.6e-05
512;0.037717;8.3e-05
513;0.031424;7.4e-05
514;0.029022;7.3e-05
515;0.031089;0.000111
516;0.031026;7.1e-05
517;0.02776;6.7e-05
518;0.028787;7.1e-05
519;0.031065;6.8e-05
520;0.027584;6.6e-05
521;0.027561;8e-05
522;0.026526;6.1e-05
523;0.027303;7.1e-05
524;0.029834;8.1e-05
525;0.027747;6.8e-05
526;0.031069;7.6e-05
527;0.030162;7.5e-05
528;0.03177;7.7e-05
529;0.030012;7.1e-05
530;0.030387;7.6e-05
531;0.030235;6.7e-05
532;0.027466;6.2e-05
533;0.026256;6.8e-05
534;0.027471;6.3e-05
535;0.025469;6.2e-05
536;0.024757;6.2e-05
537;0.025409;6.3e-05
538;0.025622;6.1e-05
539;0.025052;6.4e-05
540;0.024505;5.7e-05
541;0.024754;6.4e-05
542;0.025151;6e-05
543;0.025757;6.4e-05
544;0.025992;6e-05
545;0.03316;8.8e-05
546;0.047134;0.000109
547;0.100524;0.000137
548;0.059865;8.8e-05
549;0.043723;9.2e-05
550;0.031496;7e-05
551;0.02806;6.5e-05
552;0.027995;6.7e-05
553;0.026791;6.2e-05
554;0.026717;6.5e-05
555;0.029623;6.8e-05
556;0.028881;7e-05
557;0.026395;6.5e-05
558;0.025767;6.6e-05
559;0.025219;5.8e-05
560;0.026795;6.7e-05
561;0.030381;7.5e-05
562;0.033189;8.2e-05
563;0.029862;6.8e-05
564;0.027374;0.00012
565;0.025613;5.9e-05
566;0.026724;6.5e-05
567;0.027715;8e-05
568;0.025271;5.9e-05
569;0.024942;6.1e-05
570;0.028109;7e-05
571;0.037992;0.000102
572;0.043518;0.00016
573;0.056724;7.6e-05
574;0.039189;0.000115
575;0.037238;0.000118
576;0.035463;8.2e-05
577;0.028408;6.7e-05
578;0.032679;8.5e-05
579;0.039125;8.2e-05
580;0.031522;0.00011
581;0.037989;8.2e-05
582;0.029356;0.000115
583;0.026457;6.7e-05
584;0.029659;6.9e-05
585;0.028666;6.9e-05
586;0.028247;7e-05
587;0.028949;7e-05
588;0.029279;6.7e-05
589;0.02815;6.7e-05
590;0.02808;6.4e-05
591;0.033994;6.6e-05
592;0.02942;6.8e-05
593;0.027793;6.5e-05
594;0.027185;7e-05
595;0.028039;6.8e-05
596;0.028197;6.8e-05
597;0.027229;6.9e-05
598;0.028441;7e-05
599;0.029146;7e-05
600;0.028304;0.000913
601;0.028491;6.9e-05
602;0.028939;7e-05
603;0.029236;7.1e-05
604;0.036501;7.2e-05
605;0.031445;8.8e-05
606;0.033607;8e-05
607;0.033799;7.2e-05
608;0.027619;7e-05
609;0.027065;7.1e-05
610;0.028182;7.3e-05
611;0.029703;7.6e-05
612;0.029931;7.6e-05
613;0.031319;0.000164
614;0.031324;7.2e-05
615;0.028599;7.2e-05
616;0.029054;6.8e-05
617;0.028118;8e-05
618;0.027783;6.7e-05
619;0.02876;6.9e-05
620;0.028405;7.6e-05
621;0.028654;7.1e-05
622;0.028107;6.6e-05
623;0.02822;7.1e-05
624;0.031054;7.3e-05
625;0.039024;8.2e-05
626;0.037633;7.5e-05
627;0.042221;0.000109
628;0.040237;0.000125
629;0.035379;7.9e-05
630;0.033851;8e-05
631;0.029824;7.2e-05
632;0.027773;6.9e-05
633;0.027101;7.6e-05
634;0.028419;6.6e-05
635;0.026391;7.1e-05
636;0.02628;6.5e-05
637;0.02714;6.8e-05
638;0.027496;7.2e-05
639;0.027879;6.6e-05
640;0.027778;6.7e-05
641;0.026773;7.1e-05
642;0.026461;6.4e-05
643;0.028091;6.6e-05
644;0.026488;6.3e-05
645;0.029966;7.5e-05
646;0.029229;6.6e-05
647;0.025868;6.7e-05
648;0.025555;6.9e-05
649;0.025017;5.9e-05
650;0.02429;6e-05
651;0.0254;6.3e-05
652;0.025432;0.000114
653;0.025555;6.9e-05
654;0.026781;6.8e-05
655;0.028157;7.4e-05
656;0.028971;7.2e-05
657;0.029236;7.4e-05
658;0.031374;7.2e-05
659;0.02898;7.8e-05
660;0.02922;7.6e-05
661;0.026407;7e-05
662;0.025523;6.6e-05
663;0.024628;5.8e-05
664;0.024323;9.4e-05
665;0.024309;6e-05
666;0.024267;6.4e-05
667;0.025146;7e-05
668;0.025511;6.7e-05
669;0.024898;6.6e-05
670;0.025574;6.8e-05
671;0.027224;7.8e-05
672;0.025901;6.6e-05
673;0.026645;6.6e-05
674;0.025498;7.5e-05
675;0.024968;6.3e-05
676;0.025292;6.6e-05
677;0.026242;6.5e-05
678;0.026129;6.5e-05
679;0.026044;6.5e-05
680;0.027486;8.3e-05
681;0.043898;0.000108
682;0.039331;7.4e-05
683;0.039707;0.0001
684;0.032994;7.1e-05
685;0.028993;6.6e-05
686;0.027192;6.5e-05
687;0.028242;6.6e-05
688;0.02874;6.6e-05
689;0.026519;6.3e-05
690;0.027345;6.7e-05
691;0.027932;6.8e-05
692;0.027714;6.8e-05
693;0.026986;6.6e-05
694;0.027384;7e-05
695;0.027216;7.6e-05
696;0.02706;6.7e-05
697;0.027399;6.2e-05
698;0.032021;8.9e-05
699;0.029389;6.8e-05
700;0.027716;0.000735
701;0.03767;0.000432
702;0.04547;7.6e-05
703;0.038531;8.9e-05
704;0.032104;8.2e-05
705;0.033278;9e-05
706;0.029971;7.2e-05
707;0.027929;7.2e-05
708;0.027602;6.5e-05
709;0.028048;6.5e-05
710;0.027506;6.6e-05
711;0.027793;6.6e-05
712;0.029354;7.1e-05
713;0.028218;6.7e-05
714;0.027055;6.6e-05
715;0.02632;6.3e-05
716;0.025468;6.3e-05
717;0.025691;6.4e-05
718;0.030026;6.5e-05
719;0.02698;6.5e-05
720;0.026925;6.8e-05
721;0.027644;6.5e-05
722;0.030688;7.9e-05
723;0.032959;7.3e-05
724;0.030105;7.6e-05
725;0.031273;6.5e-05
726;0.027156;6.4e-05
727;0.025581;6.2e-05
728;0.027668;6.4e-05
729;0.026527;6.6e-05
730;0.025329;6.5e-05
731;0.027567;6.5e-05
732;0.027809;7.7e-05
733;0.0323;7.1e-05
734;0.028528;0.000104
735;0.028703;6.4e-05
736;0.027747;6.3e-05
737;0.026137;6e-05
738;0.026208;6.5e-05
739;0.025988;6.1e-05
740;0.029192;7.6e-05
741;0.030632;6.8e-05
742;0.026716;6.3e-05
743;0.025873;6.1e-05
744;0.025494;7.7e-05
745;0.025766;6.5e-05
746;0.028348;6.9e-05
747;0.02776;7.3e-05
748;0.03195;7.7e-05
749;0.035168;7.6e-05
750;0.029816;7e-05
751;0.027132;6e-05
752;0.026389;8.3e-05
753;0.025897;0.000116
754;0.02591;6.3e-05
755;0.026033;6.2e-05
756;0.025765;6.6e-05
757;0.025435;6.2e-05
758;0.025825;6.6e-05
759;0.025249;6.6e-05
760;0.027499;6.9e-05
761;0.028202;8e-05
762;0.029269;7.7e-05
763;0.033226;7.9e-05
764;0.030707;7.5e-05
765;0.027253;6.3e-05
766;0.025173;5.9e-05
767;0.023758;9.2e-05
768;0.024041;6.4e-05
769;0.024519;6.1e-05
770;0.024626;5.9e-05
771;0.026875;6.5e-05
772;0.025099;6.4e-05
773;0.024616;5.4e-05
774;0.023937;5.9e-05
775;0.023448;6.2e-05
776;0.024592;6.1e-05
777;0.026153;6.5e-05
778;0.024761;6.1e-05
779;0.024568;5.8e-05
780;0.024336;5.8e-05
781;0.02457;6e-05
782;0.025848;6.2e-05
783;0.02467;5.7e-05
784;0.025572;7e-05
785;0.026744;6.8e-05
786;0.028328;6.7e-05
787;0.032655;7.9e-05
788;0.030601;6.6e-05
789;0.028826;7e-05
790;0.031062;6.6e-05
791;0.027867;6.6e-05
792;0.025253;5.8e-05
793;0.024061;6e-05
794;0.024412;6.1e-05
795;0.026281;6.2e-05
796;0.027698;6.8e-05
797;0.027695;6.7e-05
798;0.026935;6.4e-05
799;0.024985;5.9e-05
800;0.024058;0.000614
801;0.026024;6.3e-05
802;0.025481;6.3e-05
803;0.026065;6.6e-05
804;0.025762;6.5e-05
805;0.027251;7e-05
806;0.027848;6.3e-05
807;0.027992;0.000102
808;0.028473;0.000117
809;0.030103;0.000107
810;0.026238;0.0001
811;0.025502;0.000109
812;0.025694;0.0001
813;0.025426;0.0001
814;0.025403;9.5e-05
815;0.025119;0.0001
816;0.024636;9.8e-05
817;0.024615;0.000101
818;0.024799;0.000102
819;0.025145;0.000124
820;0.024776;0.000117
821;0.025517;0.000104
822;0.024603;9.8e-05
823;0.02543;0.000116
824;0.025032;0.000102
825;0.027924;0.000115
826;0.028113;0.000109
827;0.025485;9.5e-05
828;0.025463;9.8e-05
829;0.025445;0.000102
830;0.028529;0.0001
831;0.025747;0.000169
832;0.028501;0.000109
833;0.028203;0.000109
834;0.02822;0.000121
835;0.029391;0.00011
836;0.026751;0.000104
837;0.027392;0.000114
838;0.028431;0.000111
839;0.027654;0.0001
840;0.027844;0.000106
841;0.028498;0.000131
842;0.027167;0.000104
843;0.029346;0.000105
844;0.026897;0.000121
845;0.025876;0.0001
846;0.025003;0.000109
847;0.026858;0.000102
848;0.026712;0.000109
849;0.028573;0.000131
850;0.028192;0.000108
851;0.026241;0.0001
852;0.02519;9.8e-05
853;0.02461;0.000224
854;0.0247;9.6e-05
855;0.024714;0.0001
856;0.025277;9.5e-05
857;0.025975;0.0001
858;0.025529;0.000105
859;0.025535;0.000102
860;0.024516;9.6e-05
861;0.024867;0.000112
862;0.025129;9.8e-05
863;0.025061;9.9e-05
864;0.025327;9.7e-05
865;0.025433;9.7e-05
866;0.025594;9.7e-05
867;0.035449;0.000169
868;0.035998;0.000112
869;0.036631;0.000131
870;0.039299;0.000141
871;0.036566;0.000136
872;0.032769;0.00012
873;0.030372;0.000108
874;0.029324;0.000125
875;0.027486;0.000116
876;0.028244;0.000128
877;0.029468;0.000109
878;0.030445;0.000119
879;0.030382;0.000112
880;0.027948;0.000118
881;0.027734;0.000113
882;0.030954;0.000112
883;0.030805;0.000117
884;0.029423;0.000255
885;0.030497;0.000111
886;0.028367;0.000111
887;0.031566;0.000119
888;0.028479;0.000113
889;0.027584;0.000105
890;0.028554;0.000108
891;0.027357;0.000111
892;0.027244;0.000106
893;0.027547;0.000108
894;0.027135;0.000106
895;0.026769;0.000119
896;0.026609;0.000121
897;0.027085;0.000102
898;0.026572;0.000106
899;0.028098;0.000103
900;0.026859;0.00068
901;0.029147;0.000127
902;0.02827;0.000123
903;0.027719;0.000112
904;0.027007;0.000115
905;0.02652;0.000108
906;0.026583;0.000105
907;0.026505;0.000107
908;0.028819;0.000107
909;0.028343;0.000119
910;0.02656;0.00011
911;0.027136;0.000142
912;0.029166;0.000117
913;0.02658;0.000102
914;0.026785;0.000108
915;0.027668;0.000113
916;0.026757;0.000104
917;0.024698;9.8e-05
918;0.024525;0.000113
919;0.02549;0.000105
920;0.02508;0.000102
921;0.025688;0.000106
922;0.025292;0.000103
923;0.025878;0.000116
924;0.025474;0.000107
925;0.025474;0.0001
926;0.024794;0.000102
927;0.024585;9.8e-05
928;0.02447;9.6e-05
929;0.024487;9.6e-05
930;0.024673;9.6e-05
931;0.025119;0.000104
932;0.025929;0.0001
933;0.026141;0.000101
934;0.026827;0.000106
935;0.029202;0.000126
936;0.031788;0.000131
937;0.029044;0.000178
938;0.027705;0.000105
939;0.026514;0.000107
940;0.027204;0.000124
941;0.026456;0.000128
942;0.025568;0.000102
943;0.025825;0.000111
944;0.027002;0.000106
945;0.028486;0.000116
946;0.027565;0.000105
947;0.025923;0.000104
948;0.0263;0.00011
949;0.025429;0.000143
950;0.025158;0.000113
951;0.025406;0.000103
952;0.025093;0.000103
953;0.02728;0.000121
954;0.025744;0.000114
955;0.025396;0.0001
956;0.025296;0.000103
957;0.025842;0.000102
958;0.025991;0.0001
959;0.027014;0.000109
960;0.028359;0.000114
961;0.028378;0.000109
962;0.027014;0.000105
963;0.026938;0.000103
964;0.027186;0.00012
965;0.028641;0.000141
966;0.02991;0.000107
967;0.027369;0.000108
968;0.028342;0.000112
969;0.026848;0.000104
970;0.026376;0.000104
971;0.031045;0.000197
972;0.037014;0.000114
973;0.029001;0.000104
974;0.028287;0.000108
975;0.028614;0.000111
976;0.028026;0.000109
977;0.027994;0.00011
978;0.030549;0.000114
979;0.030976;0.00012
980;0.028823;0.000105
981;0.032621;0.000117
982;0.031259;0.000116
983;0.029383;0.000162
984;0.030562;0.000116
985;0.029983;0.000121
986;0.027805;0.000102
987;0.026938;9.9e-05
988;0.028123;0.000109
989;0.026329;0.0001
990;0.026231;0.000103
991;0.025803;0.00015
992;0.0258;0.000104
993;0.0264;0.000124
994;0.025349;0.000116
995;0.026705;0.000128
996;0.027957;0.000117
997;0.029067;0.000106
998;0.027688;0.000106
999;0.027387;0.00011
1000;0.02656;0.000658
